Original_CSS,Modified_CSS,Label
"<!-- HTML !-->
<button class=""button-49"" role=""button"">Button 49</button>

/* CSS */
.button-49,
.button-49:after {
  width: 150px;
  height: 76px;
  line-height: 78px;
  font-size: 20px;
  font-family: 'Bebas Neue', sans-serif;
  background: linear-gradient(45deg, transparent 5%, #FF013C 5%);
  border: 0;
  color: #fff;
  letter-spacing: 3px;
  box-shadow: 6px 0px 0px #00E6F6;
  outline: transparent;
  position: relative;
  user-select: none;
  -webkit-user-select: none;
  touch-action: manipulation;
}

.button-49:after {
  --slice-0: inset(50% 50% 50% 50%);
  --slice-1: inset(80% -6px 0 0);
  --slice-2: inset(50% -6px 30% 0);
  --slice-3: inset(10% -6px 85% 0);
  --slice-4: inset(40% -6px 43% 0);
  --slice-5: inset(80% -6px 5% 0);
  
  content: 'ALTERNATE TEXT';
  display: block;
  position: absolute;
  top: 0;
  left: 0;
  right: 0;
  bottom: 0;
  background: linear-gradient(45deg, transparent 3%, #00E6F6 3%, #00E6F6 5%, #FF013C 5%);
  text-shadow: -3px -3px 0px #F8F005, 3px 3px 0px #00E6F6;
  clip-path: var(--slice-0);
}

.button-49:hover:after {
  animation: 1s glitch;
  animation-timing-function: steps(2, end);
}

@keyframes glitch {
  0% {
    clip-path: var(--slice-1);
    transform: translate(-20px, -10px);
  }
  10% {
    clip-path: var(--slice-3);
    transform: translate(10px, 10px);
  }
  20% {
    clip-path: var(--slice-1);
    transform: translate(-10px, 10px);
  }
  30% {
    clip-path: var(--slice-3);
    transform: translate(0px, 5px);
  }
  40% {
    clip-path: var(--slice-2);
    transform: translate(-5px, 0px);
  }
  50% {
    clip-path: var(--slice-3);
    transform: translate(5px, 0px);
  }
  60% {
    clip-path: var(--slice-4);
    transform: translate(5px, 10px);
  }
  70% {
    clip-path: var(--slice-2);
    transform: translate(-10px, 10px);
  }
  80% {
    clip-path: var(--slice-5);
    transform: translate(20px, -10px);
  }
  90% {
    clip-path: var(--slice-1);
    transform: translate(-10px, 0px);
  }
  100% {
    clip-path: var(--slice-1);
    transform: translate(0);
  }
}

@media (min-width: 768px) {
  .button-49,
  .button-49:after {
    width: 200px;
    height: 86px;
    line-height: 88px;
  }
}","<!-- HTML !-->
<button class=""button-49"" role=""button"">Button 49</button>

/* CSS */
.button-49,
.button-49:after {
  width: 150px;
  height: 76px;
  line-height: 78px;
  font-size: 20px;
  font-family: 'Bebas Neue', sans-serif;
  background: linear-gradient(45deg, transparent 5%, #FF013C 5%);
  border: 0;
  color: #fff;
  letter-spacing: 3px;
  box-shadow: 6px 0px 0px #00E6F6;
  outline: transparent;
  position: relative;
  user-select: none;
  -webkit-user-select: none;
  touch-action: manipulation;
}

.button-49:after {
  --slice-0: inset(50% 50% 50% 50%);
  --slice-1: inset(80% -6px 0 0);
  --slice-2: inset(50% -6px 30% 0);
  --slice-3: inset(10% -6px 85% 0);
  --slice-4: inset(40% -6px 43% 0);
  --slice-5: inset(80% -6px 5% 0);
  
  content: 'ALTERNATE TEXT';
  display: block;
  position: absolute;
  top: 0;
  left: 0;
  right: 0;
  bottom: 0;
  background: linear-gradient(45deg, transparent 3%, #00E6F6 3%, #00E6F6 5%, #FF013C 5%);
  text-shadow: -3px -3px 0px #F8F005, 3px 3px 0px #00E6F6;
  clip-path: var(--slice-0);
}

.button-49:hover:after {
  animation: 1s glitch;
  animation-timing-function: steps(2, end);
}

@keyframes glitch {
  0% {
    clip-path: var(--slice-1);
    transform: translate(-20px, -10px);
  }
  10% {
    clip-path: var(--slice-3);
    transform: translate(10px, 10px);
  }
  20% {
    clip-path: var(--slice-1);
    transform: translate(-10px, 10px);
  }
  30% {
    clip-path: var(--slice-3);
    transform: translate(0px, 5px);
  }
  40% {
    clip-path: var(--slice-2);
    transform: translate(-5px, 0px);
  }
  50% {
    clip-path: var(--slice-3);
    transform: translate(5px, 0px);
  }
  60% {
    clip-path: var(--slice-4);
    transform: translate(5px, 10px);
  }
  70% {
    clip-path: var(--slice-2);
    transform: translate(-10px, 10px);
  }
  80% {
    clip-path: var(--slice-5);
    transform: translate(20px, -10px);
  }
  90% {
    clip-path: var(--slice-1);
    transform: translate(-10px, 0px);
  }
  100% {
    clip-path: var(--slice-1);
    transform: translate(0);
  }
}

@media (min-width: 768px) {
  .button-49,
  .button-49:after {
    width: 200px;
    height: 86px;
    line-height: 88px;
  }
}",0
"<!-- HTML !-->
<button class=""button-50"" role=""button"">Button 50</button>

/* CSS */
.button-50 {
  appearance: button;
  background-color: #000;
  background-image: none;
  border: 1px solid #000;
  border-radius: 4px;
  box-shadow: #fff 4px 4px 0 0,#000 4px 4px 0 1px;
  box-sizing: border-box;
  color: #fff;
  cursor: pointer;
  display: inline-block;
  font-family: ITCAvantGardeStd-Bk,Arial,sans-serif;
  font-size: 14px;
  font-weight: 400;
  line-height: 20px;
  margin: 0 5px 10px 0;
  overflow: visible;
  padding: 12px 40px;
  text-align: center;
  text-transform: none;
  touch-action: manipulation;
  user-select: none;
  -webkit-user-select: none;
  vertical-align: middle;
  white-space: nowrap;
}

.button-50:focus {
  text-decoration: none;
}

.button-50:hover {
  text-decoration: none;
}

.button-50:active {
  box-shadow: rgba(0, 0, 0, .125) 0 3px 5px inset;
  outline: 0;
}

.button-50:not([disabled]):active {
  box-shadow: #fff 2px 2px 0 0, #000 2px 2px 0 1px;
  transform: translate(2px, 2px);
}

@media (min-width: 768px) {
  .button-50 {
    padding: 12px 50px;
  }
}","<!-- HTML !-->
<button class=""button-50"" role=""button"">Button 50</button>

/* CSS */
.button-50 {
  appearance: button;
  background-color: #000;
  background-image: none;
  border: 1px solid #000;
  border-radius: 4px;
  box-shadow: #fff 4px 4px 0 0,#000 4px 4px 0 1px;
  box-sizing: border-box;
  color: #fff;
  cursor: pointer;
  display: inline-block;
  font-family: ITCAvantGardeStd-Bk,Arial,sans-serif;
  font-size: 14px;
  font-weight: 400;
  line-height: 20px;
  margin: 0 5px 10px 0;
  overflow: visible;
  padding: 12px 40px;
  text-align: center;
  text-transform: none;
  touch-action: manipulation;
  user-select: none;
  -webkit-user-select: none;
  vertical-align: middle;
  white-space: nowrap;
}

.button-50:focus {
  text-decoration: none;
}

.button-50:hover {
  text-decoration: none;
}

.button-50:active {
  box-shadow: rgba(0, 0, 0, .125) 0 3px 5px inset;
  outline: 0;
}

.button-50:not([disabled]):active {
  box-shadow: #fff 2px 2px 0 0, #000 2px 2px 0 1px;
  transform: translate(2px, 2px);
}

@media (min-width: 768px) {
  .button-50 {
    padding: 12px 50px;
  }
}",1
"<!-- HTML !-->
<button class=""button-51"" role=""button"">Button 51</button>

/* CSS */
.button-51 {
  background-color: transparent;
  border: 1px solid #266DB6;
  box-sizing: border-box;
  color: #00132C;
  font-family: ""Avenir Next LT W01 Bold"",sans-serif;
  font-size: 16px;
  font-weight: 700;
  line-height: 24px;
  padding: 16px 23px;
  position: relative;
  text-decoration: none;
  user-select: none;
  -webkit-user-select: none;
  touch-action: manipulation;
}

.button-51:hover,
.button-51:active {
  outline: 0;
}

.button-51:hover {
  background-color: transparent;
  cursor: pointer;
}

.button-51:before {
  background-color: #D5EDF6;
  content: """";
  height: calc(100% + 3px);
  position: absolute;
  right: -7px;
  top: -9px;
  transition: background-color 300ms ease-in;
  width: 100%;
  z-index: -1;
}

.button-51:hover:before {
  background-color: #6DCFF6;
}

@media (min-width: 768px) {
  .button-51 {
    padding: 16px 32px;
  }
}","<!-- HTML !-->
<button class=""button-51"" role=""button"">Button 51</button>

/* CSS */
.button-51 {
  background-color: transparent;
  border: 1px solid #266DB6;
  box-sizing: border-box;
  color: #00132C;
  font-family: ""Avenir Next LT W01 Bold"",sans-serif;
  font-size: 16px;
  font-weight: 700;
  line-height: 24px;
  padding: 16px 23px;
  position: relative;
  text-decoration: none;
  user-select: none;
  -webkit-user-select: none;
  touch-action: manipulation;
}

.button-51:hover,
.button-51:active {
  outline: 0;
}

.button-51:hover {
  background-color: transparent;
  cursor: pointer;
}

.button-51:before {
  background-color: #D5EDF6;
  content: """";
  height: calc(100% + 3px);
  position: absolute;
  right: -7px;
  top: -9px;
  transition: background-color 300ms ease-in;
  width: 100%;
  z-index: -1;
}

.button-51:hover:before {
  background-color: #6DCFF6;
}

@media (min-width: 768px) {
  .button-51 {
    padding: 16px 32px;
  }
}",
"<!-- HTML !-->
<button class=""button-52"" role=""button"">Button 52</button>

/* CSS */
.button-52 {
  font-size: 16px;
  font-weight: 200;
  letter-spacing: 1px;
  padding: 13px 20px 13px;
  outline: 0;
  border: 1px solid black;
  cursor: pointer;
  position: relative;
  background-color: rgba(0, 0, 0, 0);
  user-select: none;
  -webkit-user-select: none;
  touch-action: manipulation;
}

.button-52:after {
  content: """";
  background-color: #ffe54c;
  width: 100%;
  z-index: -1;
  position: absolute;
  height: 100%;
  top: 7px;
  left: 7px;
  transition: 0.2s;
}

.button-52:hover:after {
  top: 0px;
  left: 0px;
}

@media (min-width: 768px) {
  .button-52 {
    padding: 13px 50px 13px;
  }
}","<!-- HTML !-->
<button class=""button-52"" role=""button"">Button 52</button>

/* CSS */
.button-52 {
  font-size: 16px;
  font-weight: 200;
  letter-spacing: 1px;
  padding: 13px 20px 13px;
  outline: 0;
  border: 1px solid black;
  cursor: pointer;
  position: relative;
  background-color: rgba(0, 0, 0, 0);
  user-select: none;
  -webkit-user-select: none;
  touch-action: manipulation;
}

.button-52:after {
  content: """";
  background-color: #ffe54c;
  width: 100%;
  z-index: -1;
  position: absolute;
  height: 100%;
  top: 7px;
  left: 7px;
  transition: 0.2s;
}

.button-52:hover:after {
  top: 0px;
  left: 0px;
}

@media (min-width: 768px) {
  .button-52 {
    padding: 13px 50px 13px;
  }
}",
"<!-- HTML !-->
<button class=""button-53"" role=""button"">Button 53</button>

/* CSS */
.button-53 {
  background-color: #3DD1E7;
  border: 0 solid #E5E7EB;
  box-sizing: border-box;
  color: #000000;
  display: flex;
  font-family: ui-sans-serif,system-ui,-apple-system,system-ui,""Segoe UI"",Roboto,""Helvetica Neue"",Arial,""Noto Sans"",sans-serif,""Apple Color Emoji"",""Segoe UI Emoji"",""Segoe UI Symbol"",""Noto Color Emoji"";
  font-size: 1rem;
  font-weight: 700;
  justify-content: center;
  line-height: 1.75rem;
  padding: .75rem 1.65rem;
  position: relative;
  text-align: center;
  text-decoration: none #000000 solid;
  text-decoration-thickness: auto;
  width: 100%;
  max-width: 460px;
  position: relative;
  cursor: pointer;
  transform: rotate(-2deg);
  user-select: none;
  -webkit-user-select: none;
  touch-action: manipulation;
}

.button-53:focus {
  outline: 0;
}

.button-53:after {
  content: '';
  position: absolute;
  border: 1px solid #000000;
  bottom: 4px;
  left: 4px;
  width: calc(100% - 1px);
  height: calc(100% - 1px);
}

.button-53:hover:after {
  bottom: 2px;
  left: 2px;
}

@media (min-width: 768px) {
  .button-53 {
    padding: .75rem 3rem;
    font-size: 1.25rem;
  }
}","<!-- HTML !-->
<button class=""button-53"" role=""button"">Button 53</button>

/* CSS */
.button-53 {
  background-color: #3DD1E7;
  border: 0 solid #E5E7EB;
  box-sizing: border-box;
  color: #000000;
  display: flex;
  font-family: ui-sans-serif,system-ui,-apple-system,system-ui,""Segoe UI"",Roboto,""Helvetica Neue"",Arial,""Noto Sans"",sans-serif,""Apple Color Emoji"",""Segoe UI Emoji"",""Segoe UI Symbol"",""Noto Color Emoji"";
  font-size: 1rem;
  font-weight: 700;
  justify-content: center;
  line-height: 1.75rem;
  padding: .75rem 1.65rem;
  position: relative;
  text-align: center;
  text-decoration: none #000000 solid;
  text-decoration-thickness: auto;
  width: 100%;
  max-width: 460px;
  position: relative;
  cursor: pointer;
  transform: rotate(-2deg);
  user-select: none;
  -webkit-user-select: none;
  touch-action: manipulation;
}

.button-53:focus {
  outline: 0;
}

.button-53:after {
  content: '';
  position: absolute;
  border: 1px solid #000000;
  bottom: 4px;
  left: 4px;
  width: calc(100% - 1px);
  height: calc(100% - 1px);
}

.button-53:hover:after {
  bottom: 2px;
  left: 2px;
}

@media (min-width: 768px) {
  .button-53 {
    padding: .75rem 3rem;
    font-size: 1.25rem;
  }
}",
"<!-- HTML !-->
<button class=""button-54"" role=""button"">Button 54</button>

/* CSS */
.button-54 {
  font-family: ""Open Sans"", sans-serif;
  font-size: 16px;
  letter-spacing: 2px;
  text-decoration: none;
  text-transform: uppercase;
  color: #000;
  cursor: pointer;
  border: 3px solid;
  padding: 0.25em 0.5em;
  box-shadow: 1px 1px 0px 0px, 2px 2px 0px 0px, 3px 3px 0px 0px, 4px 4px 0px 0px, 5px 5px 0px 0px;
  position: relative;
  user-select: none;
  -webkit-user-select: none;
  touch-action: manipulation;
}

.button-54:active {
  box-shadow: 0px 0px 0px 0px;
  top: 5px;
  left: 5px;
}

@media (min-width: 768px) {
  .button-54 {
    padding: 0.25em 0.75em;
  }
}","<!-- HTML !-->
<button class=""button-54"" role=""button"">Button 54</button>

/* CSS */
.button-54 {
  font-family: ""Open Sans"", sans-serif;
  font-size: 16px;
  letter-spacing: 2px;
  text-decoration: none;
  text-transform: uppercase;
  color: #000;
  cursor: pointer;
  border: 3px solid;
  padding: 0.25em 0.5em;
  box-shadow: 1px 1px 0px 0px, 2px 2px 0px 0px, 3px 3px 0px 0px, 4px 4px 0px 0px, 5px 5px 0px 0px;
  position: relative;
  user-select: none;
  -webkit-user-select: none;
  touch-action: manipulation;
}

.button-54:active {
  box-shadow: 0px 0px 0px 0px;
  top: 5px;
  left: 5px;
}

@media (min-width: 768px) {
  .button-54 {
    padding: 0.25em 0.75em;
  }
}",
"<!-- HTML !-->
<button class=""button-56"" role=""button"">Button 56</button>

/* CSS */
.button-56 {
  align-items: center;
  background-color: #fee6e3;
  border: 2px solid #111;
  border-radius: 8px;
  box-sizing: border-box;
  color: #111;
  cursor: pointer;
  display: flex;
  font-family: Inter,sans-serif;
  font-size: 16px;
  height: 48px;
  justify-content: center;
  line-height: 24px;
  max-width: 100%;
  padding: 0 25px;
  position: relative;
  text-align: center;
  text-decoration: none;
  user-select: none;
  -webkit-user-select: none;
  touch-action: manipulation;
}

.button-56:after {
  background-color: #111;
  border-radius: 8px;
  content: """";
  display: block;
  height: 48px;
  left: 0;
  width: 100%;
  position: absolute;
  top: -2px;
  transform: translate(8px, 8px);
  transition: transform .2s ease-out;
  z-index: -1;
}

.button-56:hover:after {
  transform: translate(0, 0);
}

.button-56:active {
  background-color: #ffdeda;
  outline: 0;
}

.button-56:hover {
  outline: 0;
}

@media (min-width: 768px) {
  .button-56 {
    padding: 0 40px;
  }
}","<!-- HTML !-->
<button class=""button-56"" role=""button"">Button 56</button>

/* CSS */
.button-56 {
  align-items: center;
  background-color: #fee6e3;
  border: 2px solid #111;
  border-radius: 8px;
  box-sizing: border-box;
  color: #111;
  cursor: pointer;
  display: flex;
  font-family: Inter,sans-serif;
  font-size: 16px;
  height: 48px;
  justify-content: center;
  line-height: 24px;
  max-width: 100%;
  padding: 0 25px;
  position: relative;
  text-align: center;
  text-decoration: none;
  user-select: none;
  -webkit-user-select: none;
  touch-action: manipulation;
}

.button-56:after {
  background-color: #111;
  border-radius: 8px;
  content: """";
  display: block;
  height: 48px;
  left: 0;
  width: 100%;
  position: absolute;
  top: -2px;
  transform: translate(8px, 8px);
  transition: transform .2s ease-out;
  z-index: -1;
}

.button-56:hover:after {
  transform: translate(0, 0);
}

.button-56:active {
  background-color: #ffdeda;
  outline: 0;
}

.button-56:hover {
  outline: 0;
}

@media (min-width: 768px) {
  .button-56 {
    padding: 0 40px;
  }
}",
"<!-- HTML !-->
<button class=""button-64"" role=""button""><span class=""text"">Button 64</span></button>

/* CSS */
.button-64 {
  align-items: center;
  background-image: linear-gradient(144deg,#AF40FF, #5B42F3 50%,#00DDEB);
  border: 0;
  border-radius: 8px;
  box-shadow: rgba(151, 65, 252, 0.2) 0 15px 30px -5px;
  box-sizing: border-box;
  color: #FFFFFF;
  display: flex;
  font-family: Phantomsans, sans-serif;
  font-size: 20px;
  justify-content: center;
  line-height: 1em;
  max-width: 100%;
  min-width: 140px;
  padding: 3px;
  text-decoration: none;
  user-select: none;
  -webkit-user-select: none;
  touch-action: manipulation;
  white-space: nowrap;
  cursor: pointer;
}

.button-64:active,
.button-64:hover {
  outline: 0;
}

.button-64 span {
  background-color: rgb(5, 6, 45);
  padding: 16px 24px;
  border-radius: 6px;
  width: 100%;
  height: 100%;
  transition: 300ms;
}

.button-64:hover span {
  background: none;
}

@media (min-width: 768px) {
  .button-64 {
    font-size: 24px;
    min-width: 196px;
  }
}","<!-- HTML !-->
<button class=""button-64"" role=""button""><span class=""text"">Button 64</span></button>

/* CSS */
.button-64 {
  align-items: center;
  background-image: linear-gradient(144deg,#AF40FF, #5B42F3 50%,#00DDEB);
  border: 0;
  border-radius: 8px;
  box-shadow: rgba(151, 65, 252, 0.2) 0 15px 30px -5px;
  box-sizing: border-box;
  color: #FFFFFF;
  display: flex;
  font-family: Phantomsans, sans-serif;
  font-size: 20px;
  justify-content: center;
  line-height: 1em;
  max-width: 100%;
  min-width: 140px;
  padding: 3px;
  text-decoration: none;
  user-select: none;
  -webkit-user-select: none;
  touch-action: manipulation;
  white-space: nowrap;
  cursor: pointer;
}

.button-64:active,
.button-64:hover {
  outline: 0;
}

.button-64 span {
  background-color: rgb(5, 6, 45);
  padding: 16px 24px;
  border-radius: 6px;
  width: 100%;
  height: 100%;
  transition: 300ms;
}

.button-64:hover span {
  background: none;
}

@media (min-width: 768px) {
  .button-64 {
    font-size: 24px;
    min-width: 196px;
  }
}",
"<!-- HTML !-->
<button class=""button-71"" role=""button"">Button 71</button>

/* CSS */
.button-71 {
  background-color: #0078d0;
  border: 0;
  border-radius: 56px;
  color: #fff;
  cursor: pointer;
  display: inline-block;
  font-family: system-ui,-apple-system,system-ui,""Segoe UI"",Roboto,Ubuntu,""Helvetica Neue"",sans-serif;
  font-size: 18px;
  font-weight: 600;
  outline: 0;
  padding: 16px 21px;
  position: relative;
  text-align: center;
  text-decoration: none;
  transition: all .3s;
  user-select: none;
  -webkit-user-select: none;
  touch-action: manipulation;
}

.button-71:before {
  background-color: initial;
  background-image: linear-gradient(#fff 0, rgba(255, 255, 255, 0) 100%);
  border-radius: 125px;
  content: """";
  height: 50%;
  left: 4%;
  opacity: .5;
  position: absolute;
  top: 0;
  transition: all .3s;
  width: 92%;
}

.button-71:hover {
  box-shadow: rgba(255, 255, 255, .2) 0 3px 15px inset, rgba(0, 0, 0, .1) 0 3px 5px, rgba(0, 0, 0, .1) 0 10px 13px;
  transform: scale(1.05);
}

@media (min-width: 768px) {
  .button-71 {
    padding: 16px 48px;
  }
}","<!-- HTML !-->
<button class=""button-71"" role=""button"">Button 71</button>

/* CSS */
.button-71 {
  background-color: #0078d0;
  border: 0;
  border-radius: 56px;
  color: #fff;
  cursor: pointer;
  display: inline-block;
  font-family: system-ui,-apple-system,system-ui,""Segoe UI"",Roboto,Ubuntu,""Helvetica Neue"",sans-serif;
  font-size: 18px;
  font-weight: 600;
  outline: 0;
  padding: 16px 21px;
  position: relative;
  text-align: center;
  text-decoration: none;
  transition: all .3s;
  user-select: none;
  -webkit-user-select: none;
  touch-action: manipulation;
}

.button-71:before {
  background-color: initial;
  background-image: linear-gradient(#fff 0, rgba(255, 255, 255, 0) 100%);
  border-radius: 125px;
  content: """";
  height: 50%;
  left: 4%;
  opacity: .5;
  position: absolute;
  top: 0;
  transition: all .3s;
  width: 92%;
}

.button-71:hover {
  box-shadow: rgba(255, 255, 255, .2) 0 3px 15px inset, rgba(0, 0, 0, .1) 0 3px 5px, rgba(0, 0, 0, .1) 0 10px 13px;
  transform: scale(1.05);
}

@media (min-width: 768px) {
  .button-71 {
    padding: 16px 48px;
  }
}",
"<!-- HTML !-->
<button class=""button-73"" role=""button"">Button 73</button>

/* CSS */
.button-73 {
  appearance: none;
  background-color: #FFFFFF;
  border-radius: 40em;
  border-style: none;
  box-shadow: #ADCFFF 0 -12px 6px inset;
  box-sizing: border-box;
  color: #000000;
  cursor: pointer;
  display: inline-block;
  font-family: -apple-system,sans-serif;
  font-size: 1.2rem;
  font-weight: 700;
  letter-spacing: -.24px;
  margin: 0;
  outline: none;
  padding: 1rem 1.3rem;
  quotes: auto;
  text-align: center;
  text-decoration: none;
  transition: all .15s;
  user-select: none;
  -webkit-user-select: none;
  touch-action: manipulation;
}

.button-73:hover {
  background-color: #FFC229;
  box-shadow: #FF6314 0 -6px 8px inset;
  transform: scale(1.125);
}

.button-73:active {
  transform: scale(1.025);
}

@media (min-width: 768px) {
  .button-73 {
    font-size: 1.5rem;
    padding: .75rem 2rem;
  }
}","<!-- HTML !-->
<button class=""button-73"" role=""button"">Button 73</button>

/* CSS */
.button-73 {
  appearance: none;
  background-color: #FFFFFF;
  border-radius: 40em;
  border-style: none;
  box-shadow: #ADCFFF 0 -12px 6px inset;
  box-sizing: border-box;
  color: #000000;
  cursor: pointer;
  display: inline-block;
  font-family: -apple-system,sans-serif;
  font-size: 1.2rem;
  font-weight: 700;
  letter-spacing: -.24px;
  margin: 0;
  outline: none;
  padding: 1rem 1.3rem;
  quotes: auto;
  text-align: center;
  text-decoration: none;
  transition: all .15s;
  user-select: none;
  -webkit-user-select: none;
  touch-action: manipulation;
}

.button-73:hover {
  background-color: #FFC229;
  box-shadow: #FF6314 0 -6px 8px inset;
  transform: scale(1.125);
}

.button-73:active {
  transform: scale(1.025);
}

@media (min-width: 768px) {
  .button-73 {
    font-size: 1.5rem;
    padding: .75rem 2rem;
  }
}",
"<!-- HTML !-->
<button class=""button-75"" role=""button""><span class=""text"">Button 75</span></button>

/* CSS */
.button-75 {
  align-items: center;
  background-image: linear-gradient(135deg, #f34079 40%, #fc894d);
  border: 0;
  border-radius: 10px;
  box-sizing: border-box;
  color: #fff;
  cursor: pointer;
  display: flex;
  flex-direction: column;
  font-family: ""Codec cold"",sans-serif;
  font-size: 16px;
  font-weight: 700;
  height: 54px;
  justify-content: center;
  letter-spacing: .4px;
  line-height: 1;
  max-width: 100%;
  padding-left: 20px;
  padding-right: 20px;
  padding-top: 3px;
  text-decoration: none;
  text-transform: uppercase;
  user-select: none;
  -webkit-user-select: none;
  touch-action: manipulation;
}

.button-75:active {
  outline: 0;
}

.button-75:hover {
  outline: 0;
}

.button-75 span {
  transition: all 200ms;
}

.button-75:hover span {
  transform: scale(.9);
  opacity: .75;
}

@media screen and (max-width: 991px) {
  .button-75 {
    font-size: 15px;
    height: 50px;
  }

  .button-75 span {
    line-height: 50px;
  }
}","<!-- HTML !-->
<button class=""button-75"" role=""button""><span class=""text"">Button 75</span></button>

/* CSS */
.button-75 {
  align-items: center;
  background-image: linear-gradient(135deg, #f34079 40%, #fc894d);
  border: 0;
  border-radius: 10px;
  box-sizing: border-box;
  color: #fff;
  cursor: pointer;
  display: flex;
  flex-direction: column;
  font-family: ""Codec cold"",sans-serif;
  font-size: 16px;
  font-weight: 700;
  height: 54px;
  justify-content: center;
  letter-spacing: .4px;
  line-height: 1;
  max-width: 100%;
  padding-left: 20px;
  padding-right: 20px;
  padding-top: 3px;
  text-decoration: none;
  text-transform: uppercase;
  user-select: none;
  -webkit-user-select: none;
  touch-action: manipulation;
}

.button-75:active {
  outline: 0;
}

.button-75:hover {
  outline: 0;
}

.button-75 span {
  transition: all 200ms;
}

.button-75:hover span {
  transform: scale(.9);
  opacity: .75;
}

@media screen and (max-width: 991px) {
  .button-75 {
    font-size: 15px;
    height: 50px;
  }

  .button-75 span {
    line-height: 50px;
  }
}",
"<!-- HTML !-->
<button class=""button-77"" role=""button"">Button 77</button>

/* CSS */
.button-77 {
  align-items: center;
  appearance: none;
  background-clip: padding-box;
  background-color: initial;
  background-image: none;
  border-style: none;
  box-sizing: border-box;
  color: #fff;
  cursor: pointer;
  display: inline-block;
  flex-direction: row;
  flex-shrink: 0;
  font-family: Eina01,sans-serif;
  font-size: 16px;
  font-weight: 800;
  justify-content: center;
  line-height: 24px;
  margin: 0;
  min-height: 64px;
  outline: none;
  overflow: visible;
  padding: 19px 26px;
  pointer-events: auto;
  position: relative;
  text-align: center;
  text-decoration: none;
  text-transform: none;
  user-select: none;
  -webkit-user-select: none;
  touch-action: manipulation;
  vertical-align: middle;
  width: auto;
  word-break: keep-all;
  z-index: 0;
}

@media (min-width: 768px) {
  .button-77 {
    padding: 19px 32px;
  }
}

.button-77:before,
.button-77:after {
  border-radius: 80px;
}

.button-77:before {
  background-color: rgba(249, 58, 19, .32);
  content: """";
  display: block;
  height: 100%;
  left: 0;
  overflow: hidden;
  position: absolute;
  top: 0;
  width: 100%;
  z-index: -2;
}

.button-77:after {
  background-color: initial;
  background-image: linear-gradient(92.83deg, #ff7426 0, #f93a13 100%);
  bottom: 4px;
  content: """";
  display: block;
  left: 4px;
  overflow: hidden;
  position: absolute;
  right: 4px;
  top: 4px;
  transition: all 100ms ease-out;
  z-index: -1;
}

.button-77:hover:not(:disabled):after {
  bottom: 0;
  left: 0;
  right: 0;
  top: 0;
  transition-timing-function: ease-in;
}

.button-77:active:not(:disabled) {
  color: #ccc;
}

.button-77:active:not(:disabled):after {
  background-image: linear-gradient(0deg, rgba(0, 0, 0, .2), rgba(0, 0, 0, .2)), linear-gradient(92.83deg, #ff7426 0, #f93a13 100%);
  bottom: 4px;
  left: 4px;
  right: 4px;
  top: 4px;
}

.button-77:disabled {
  cursor: default;
  opacity: .24;
}","<!-- HTML !-->
<button class=""button-77"" role=""button"">Button 77</button>

/* CSS */
.button-77 {
  align-items: center;
  appearance: none;
  background-clip: padding-box;
  background-color: initial;
  background-image: none;
  border-style: none;
  box-sizing: border-box;
  color: #fff;
  cursor: pointer;
  display: inline-block;
  flex-direction: row;
  flex-shrink: 0;
  font-family: Eina01,sans-serif;
  font-size: 16px;
  font-weight: 800;
  justify-content: center;
  line-height: 24px;
  margin: 0;
  min-height: 64px;
  outline: none;
  overflow: visible;
  padding: 19px 26px;
  pointer-events: auto;
  position: relative;
  text-align: center;
  text-decoration: none;
  text-transform: none;
  user-select: none;
  -webkit-user-select: none;
  touch-action: manipulation;
  vertical-align: middle;
  width: auto;
  word-break: keep-all;
  z-index: 0;
}

@media (min-width: 768px) {
  .button-77 {
    padding: 19px 32px;
  }
}

.button-77:before,
.button-77:after {
  border-radius: 80px;
}

.button-77:before {
  background-color: rgba(249, 58, 19, .32);
  content: """";
  display: block;
  height: 100%;
  left: 0;
  overflow: hidden;
  position: absolute;
  top: 0;
  width: 100%;
  z-index: -2;
}

.button-77:after {
  background-color: initial;
  background-image: linear-gradient(92.83deg, #ff7426 0, #f93a13 100%);
  bottom: 4px;
  content: """";
  display: block;
  left: 4px;
  overflow: hidden;
  position: absolute;
  right: 4px;
  top: 4px;
  transition: all 100ms ease-out;
  z-index: -1;
}

.button-77:hover:not(:disabled):after {
  bottom: 0;
  left: 0;
  right: 0;
  top: 0;
  transition-timing-function: ease-in;
}

.button-77:active:not(:disabled) {
  color: #ccc;
}

.button-77:active:not(:disabled):after {
  background-image: linear-gradient(0deg, rgba(0, 0, 0, .2), rgba(0, 0, 0, .2)), linear-gradient(92.83deg, #ff7426 0, #f93a13 100%);
  bottom: 4px;
  left: 4px;
  right: 4px;
  top: 4px;
}

.button-77:disabled {
  cursor: default;
  opacity: .24;
}",
"<!-- HTML !-->
<button class=""button-78"" role=""button"">Button 78</button>

/* CSS */
.button-78 {
  align-items: center;
  appearance: none;
  background-clip: padding-box;
  background-color: initial;
  background-image: none;
  border-style: none;
  box-sizing: border-box;
  color: #fff;
  cursor: pointer;
  display: inline-block;
  flex-direction: row;
  flex-shrink: 0;
  font-family: Eina01,sans-serif;
  font-size: 16px;
  font-weight: 800;
  justify-content: center;
  line-height: 24px;
  margin: 0;
  min-height: 64px;
  outline: none;
  overflow: visible;
  padding: 19px 26px;
  pointer-events: auto;
  position: relative;
  text-align: center;
  text-decoration: none;
  text-transform: none;
  user-select: none;
  -webkit-user-select: none;
  touch-action: manipulation;
  vertical-align: middle;
  width: auto;
  word-break: keep-all;
  z-index: 0;
}

@media (min-width: 768px) {
  .button-78 {
    padding: 19px 32px;
  }
}

.button-78:before,
.button-78:after {
  border-radius: 80px;
}

.button-78:before {
  background-image: linear-gradient(92.83deg, #ff7426 0, #f93a13 100%);
  content: """";
  display: block;
  height: 100%;
  left: 0;
  overflow: hidden;
  position: absolute;
  top: 0;
  width: 100%;
  z-index: -2;
}

.button-78:after {
  background-color: initial;
  background-image: linear-gradient(#541a0f 0, #0c0d0d 100%);
  bottom: 4px;
  content: """";
  display: block;
  left: 4px;
  overflow: hidden;
  position: absolute;
  right: 4px;
  top: 4px;
  transition: all 100ms ease-out;
  z-index: -1;
}

.button-78:hover:not(:disabled):before {
  background: linear-gradient(92.83deg, rgb(255, 116, 38) 0%, rgb(249, 58, 19) 100%);
}

.button-78:hover:not(:disabled):after {
  bottom: 0;
  left: 0;
  right: 0;
  top: 0;
  transition-timing-function: ease-in;
  opacity: 0;
}

.button-78:active:not(:disabled) {
  color: #ccc;
}

.button-78:active:not(:disabled):before {
  background-image: linear-gradient(0deg, rgba(0, 0, 0, .2), rgba(0, 0, 0, .2)), linear-gradient(92.83deg, #ff7426 0, #f93a13 100%);
}

.button-78:active:not(:disabled):after {
  background-image: linear-gradient(#541a0f 0, #0c0d0d 100%);
  bottom: 4px;
  left: 4px;
  right: 4px;
  top: 4px;
}

.button-78:disabled {
  cursor: default;
  opacity: .24;
}","<!-- HTML !-->
<button class=""button-78"" role=""button"">Button 78</button>

/* CSS */
.button-78 {
  align-items: center;
  appearance: none;
  background-clip: padding-box;
  background-color: initial;
  background-image: none;
  border-style: none;
  box-sizing: border-box;
  color: #fff;
  cursor: pointer;
  display: inline-block;
  flex-direction: row;
  flex-shrink: 0;
  font-family: Eina01,sans-serif;
  font-size: 16px;
  font-weight: 800;
  justify-content: center;
  line-height: 24px;
  margin: 0;
  min-height: 64px;
  outline: none;
  overflow: visible;
  padding: 19px 26px;
  pointer-events: auto;
  position: relative;
  text-align: center;
  text-decoration: none;
  text-transform: none;
  user-select: none;
  -webkit-user-select: none;
  touch-action: manipulation;
  vertical-align: middle;
  width: auto;
  word-break: keep-all;
  z-index: 0;
}

@media (min-width: 768px) {
  .button-78 {
    padding: 19px 32px;
  }
}

.button-78:before,
.button-78:after {
  border-radius: 80px;
}

.button-78:before {
  background-image: linear-gradient(92.83deg, #ff7426 0, #f93a13 100%);
  content: """";
  display: block;
  height: 100%;
  left: 0;
  overflow: hidden;
  position: absolute;
  top: 0;
  width: 100%;
  z-index: -2;
}

.button-78:after {
  background-color: initial;
  background-image: linear-gradient(#541a0f 0, #0c0d0d 100%);
  bottom: 4px;
  content: """";
  display: block;
  left: 4px;
  overflow: hidden;
  position: absolute;
  right: 4px;
  top: 4px;
  transition: all 100ms ease-out;
  z-index: -1;
}

.button-78:hover:not(:disabled):before {
  background: linear-gradient(92.83deg, rgb(255, 116, 38) 0%, rgb(249, 58, 19) 100%);
}

.button-78:hover:not(:disabled):after {
  bottom: 0;
  left: 0;
  right: 0;
  top: 0;
  transition-timing-function: ease-in;
  opacity: 0;
}

.button-78:active:not(:disabled) {
  color: #ccc;
}

.button-78:active:not(:disabled):before {
  background-image: linear-gradient(0deg, rgba(0, 0, 0, .2), rgba(0, 0, 0, .2)), linear-gradient(92.83deg, #ff7426 0, #f93a13 100%);
}

.button-78:active:not(:disabled):after {
  background-image: linear-gradient(#541a0f 0, #0c0d0d 100%);
  bottom: 4px;
  left: 4px;
  right: 4px;
  top: 4px;
}

.button-78:disabled {
  cursor: default;
  opacity: .24;
}",
"<!-- HTML !-->
<button class=""button-82-pushable"" role=""button"">
  <span class=""button-82-shadow""></span>
  <span class=""button-82-edge""></span>
  <span class=""button-82-front text"">
    Button 82
  </span>
</button>

/* CSS */
.button-82-pushable {
  position: relative;
  border: none;
  background: transparent;
  padding: 0;
  cursor: pointer;
  outline-offset: 4px;
  transition: filter 250ms;
  user-select: none;
  -webkit-user-select: none;
  touch-action: manipulation;
}

.button-82-shadow {
  position: absolute;
  top: 0;
  left: 0;
  width: 100%;
  height: 100%;
  border-radius: 12px;
  background: hsl(0deg 0% 0% / 0.25);
  will-change: transform;
  transform: translateY(2px);
  transition:
    transform
    600ms
    cubic-bezier(.3, .7, .4, 1);
}

.button-82-edge {
  position: absolute;
  top: 0;
  left: 0;
  width: 100%;
  height: 100%;
  border-radius: 12px;
  background: linear-gradient(
    to left,
    hsl(340deg 100% 16%) 0%,
    hsl(340deg 100% 32%) 8%,
    hsl(340deg 100% 32%) 92%,
    hsl(340deg 100% 16%) 100%
  );
}

.button-82-front {
  display: block;
  position: relative;
  padding: 12px 27px;
  border-radius: 12px;
  font-size: 1.1rem;
  color: white;
  background: hsl(345deg 100% 47%);
  will-change: transform;
  transform: translateY(-4px);
  transition:
    transform
    600ms
    cubic-bezier(.3, .7, .4, 1);
}

@media (min-width: 768px) {
  .button-82-front {
    font-size: 1.25rem;
    padding: 12px 42px;
  }
}

.button-82-pushable:hover {
  filter: brightness(110%);
  -webkit-filter: brightness(110%);
}

.button-82-pushable:hover .button-82-front {
  transform: translateY(-6px);
  transition:
    transform
    250ms
    cubic-bezier(.3, .7, .4, 1.5);
}

.button-82-pushable:active .button-82-front {
  transform: translateY(-2px);
  transition: transform 34ms;
}

.button-82-pushable:hover .button-82-shadow {
  transform: translateY(4px);
  transition:
    transform
    250ms
    cubic-bezier(.3, .7, .4, 1.5);
}

.button-82-pushable:active .button-82-shadow {
  transform: translateY(1px);
  transition: transform 34ms;
}

.button-82-pushable:focus:not(:focus-visible) {
  outline: none;
}","<!-- HTML !-->
<button class=""button-82-pushable"" role=""button"">
  <span class=""button-82-shadow""></span>
  <span class=""button-82-edge""></span>
  <span class=""button-82-front text"">
    Button 82
  </span>
</button>

/* CSS */
.button-82-pushable {
  position: relative;
  border: none;
  background: transparent;
  padding: 0;
  cursor: pointer;
  outline-offset: 4px;
  transition: filter 250ms;
  user-select: none;
  -webkit-user-select: none;
  touch-action: manipulation;
}

.button-82-shadow {
  position: absolute;
  top: 0;
  left: 0;
  width: 100%;
  height: 100%;
  border-radius: 12px;
  background: hsl(0deg 0% 0% / 0.25);
  will-change: transform;
  transform: translateY(2px);
  transition:
    transform
    600ms
    cubic-bezier(.3, .7, .4, 1);
}

.button-82-edge {
  position: absolute;
  top: 0;
  left: 0;
  width: 100%;
  height: 100%;
  border-radius: 12px;
  background: linear-gradient(
    to left,
    hsl(340deg 100% 16%) 0%,
    hsl(340deg 100% 32%) 8%,
    hsl(340deg 100% 32%) 92%,
    hsl(340deg 100% 16%) 100%
  );
}

.button-82-front {
  display: block;
  position: relative;
  padding: 12px 27px;
  border-radius: 12px;
  font-size: 1.1rem;
  color: white;
  background: hsl(345deg 100% 47%);
  will-change: transform;
  transform: translateY(-4px);
  transition:
    transform
    600ms
    cubic-bezier(.3, .7, .4, 1);
}

@media (min-width: 768px) {
  .button-82-front {
    font-size: 1.25rem;
    padding: 12px 42px;
  }
}

.button-82-pushable:hover {
  filter: brightness(110%);
  -webkit-filter: brightness(110%);
}

.button-82-pushable:hover .button-82-front {
  transform: translateY(-6px);
  transition:
    transform
    250ms
    cubic-bezier(.3, .7, .4, 1.5);
}

.button-82-pushable:active .button-82-front {
  transform: translateY(-2px);
  transition: transform 34ms;
}

.button-82-pushable:hover .button-82-shadow {
  transform: translateY(4px);
  transition:
    transform
    250ms
    cubic-bezier(.3, .7, .4, 1.5);
}

.button-82-pushable:active .button-82-shadow {
  transform: translateY(1px);
  transition: transform 34ms;
}

.button-82-pushable:focus:not(:focus-visible) {
  outline: none;
}",
"<!-- HTML !-->
<button class=""button-85"" role=""button"">Button 85</button>

/* CSS */
.button-85 {
  padding: 0.6em 2em;
  border: none;
  outline: none;
  color: rgb(255, 255, 255);
  background: #111;
  cursor: pointer;
  position: relative;
  z-index: 0;
  border-radius: 10px;
  user-select: none;
  -webkit-user-select: none;
  touch-action: manipulation;
}

.button-85:before {
  content: """";
  background: linear-gradient(
    45deg,
    #ff0000,
    #ff7300,
    #fffb00,
    #48ff00,
    #00ffd5,
    #002bff,
    #7a00ff,
    #ff00c8,
    #ff0000
  );
  position: absolute;
  top: -2px;
  left: -2px;
  background-size: 400%;
  z-index: -1;
  filter: blur(5px);
  -webkit-filter: blur(5px);
  width: calc(100% + 4px);
  height: calc(100% + 4px);
  animation: glowing-button-85 20s linear infinite;
  transition: opacity 0.3s ease-in-out;
  border-radius: 10px;
}

@keyframes glowing-button-85 {
  0% {
    background-position: 0 0;
  }
  50% {
    background-position: 400% 0;
  }
  100% {
    background-position: 0 0;
  }
}

.button-85:after {
  z-index: -1;
  content: """";
  position: absolute;
  width: 100%;
  height: 100%;
  background: #222;
  left: 0;
  top: 0;
  border-radius: 10px;
}","<!-- HTML !-->
<button class=""button-85"" role=""button"">Button 85</button>

/* CSS */
.button-85 {
  padding: 0.6em 2em;
  border: none;
  outline: none;
  color: rgb(255, 255, 255);
  background: #111;
  cursor: pointer;
  position: relative;
  z-index: 0;
  border-radius: 10px;
  user-select: none;
  -webkit-user-select: none;
  touch-action: manipulation;
}

.button-85:before {
  content: """";
  background: linear-gradient(
    45deg,
    #ff0000,
    #ff7300,
    #fffb00,
    #48ff00,
    #00ffd5,
    #002bff,
    #7a00ff,
    #ff00c8,
    #ff0000
  );
  position: absolute;
  top: -2px;
  left: -2px;
  background-size: 400%;
  z-index: -1;
  filter: blur(5px);
  -webkit-filter: blur(5px);
  width: calc(100% + 4px);
  height: calc(100% + 4px);
  animation: glowing-button-85 20s linear infinite;
  transition: opacity 0.3s ease-in-out;
  border-radius: 10px;
}

@keyframes glowing-button-85 {
  0% {
    background-position: 0 0;
  }
  50% {
    background-position: 400% 0;
  }
  100% {
    background-position: 0 0;
  }
}

.button-85:after {
  z-index: -1;
  content: """";
  position: absolute;
  width: 100%;
  height: 100%;
  background: #222;
  left: 0;
  top: 0;
  border-radius: 10px;
}",
"<!-- HTML !-->
<button class=""button-86"" role=""button"">Button 86</button>

/* CSS */
.button-86 {
  all: unset;
  width: 100px;
  height: 30px;
  font-size: 16px;
  background: transparent;
  border: none;
  position: relative;
  color: #f0f0f0;
  cursor: pointer;
  z-index: 1;
  padding: 10px 20px;
  display: flex;
  align-items: center;
  justify-content: center;
  white-space: nowrap;
  user-select: none;
  -webkit-user-select: none;
  touch-action: manipulation;
}

.button-86::after,
.button-86::before {
  content: '';
  position: absolute;
  bottom: 0;
  right: 0;
  z-index: -99999;
  transition: all .4s;
}

.button-86::before {
  transform: translate(0%, 0%);
  width: 100%;
  height: 100%;
  background: #28282d;
  border-radius: 10px;
}

.button-86::after {
  transform: translate(10px, 10px);
  width: 35px;
  height: 35px;
  background: #ffffff15;
  backdrop-filter: blur(5px);
  -webkit-backdrop-filter: blur(5px);
  border-radius: 50px;
}

.button-86:hover::before {
  transform: translate(5%, 20%);
  width: 110%;
  height: 110%;
}

.button-86:hover::after {
  border-radius: 10px;
  transform: translate(0, 0);
  width: 100%;
  height: 100%;
}

.button-86:active::after {
  transition: 0s;
  transform: translate(0, 5%);
}","<!-- HTML !-->
<button class=""button-86"" role=""button"">Button 86</button>

/* CSS */
.button-86 {
  all: unset;
  width: 100px;
  height: 30px;
  font-size: 16px;
  background: transparent;
  border: none;
  position: relative;
  color: #f0f0f0;
  cursor: pointer;
  z-index: 1;
  padding: 10px 20px;
  display: flex;
  align-items: center;
  justify-content: center;
  white-space: nowrap;
  user-select: none;
  -webkit-user-select: none;
  touch-action: manipulation;
}

.button-86::after,
.button-86::before {
  content: '';
  position: absolute;
  bottom: 0;
  right: 0;
  z-index: -99999;
  transition: all .4s;
}

.button-86::before {
  transform: translate(0%, 0%);
  width: 100%;
  height: 100%;
  background: #28282d;
  border-radius: 10px;
}

.button-86::after {
  transform: translate(10px, 10px);
  width: 35px;
  height: 35px;
  background: #ffffff15;
  backdrop-filter: blur(5px);
  -webkit-backdrop-filter: blur(5px);
  border-radius: 50px;
}

.button-86:hover::before {
  transform: translate(5%, 20%);
  width: 110%;
  height: 110%;
}

.button-86:hover::after {
  border-radius: 10px;
  transform: translate(0, 0);
  width: 100%;
  height: 100%;
}

.button-86:active::after {
  transition: 0s;
  transform: translate(0, 5%);
}",
"<!-- HTML !-->
<button class=""button-89"" role=""button"">Button 89</button>

/* CSS */
.button-89 {
  --b: 3px;   /* border thickness */
  --s: .45em; /* size of the corner */
  --color: #373B44;
  
  padding: calc(.5em + var(--s)) calc(.9em + var(--s));
  color: var(--color);
  --_p: var(--s);
  background:
    conic-gradient(from 90deg at var(--b) var(--b),#0000 90deg,var(--color) 0)
    var(--_p) var(--_p)/calc(100% - var(--b) - 2*var(--_p)) calc(100% - var(--b) - 2*var(--_p));
  transition: .3s linear, color 0s, background-color 0s;
  outline: var(--b) solid #0000;
  outline-offset: .6em;
  font-size: 16px;

  border: 0;

  user-select: none;
  -webkit-user-select: none;
  touch-action: manipulation;
}

.button-89:hover,
.button-89:focus-visible{
  --_p: 0px;
  outline-color: var(--color);
  outline-offset: .05em;
}

.button-89:active {
  background: var(--color);
  color: #fff;
}","<!-- HTML !-->
<button class=""button-89"" role=""button"">Button 89</button>

/* CSS */
.button-89 {
  --b: 3px;   /* border thickness */
  --s: .45em; /* size of the corner */
  --color: #373B44;
  
  padding: calc(.5em + var(--s)) calc(.9em + var(--s));
  color: var(--color);
  --_p: var(--s);
  background:
    conic-gradient(from 90deg at var(--b) var(--b),#0000 90deg,var(--color) 0)
    var(--_p) var(--_p)/calc(100% - var(--b) - 2*var(--_p)) calc(100% - var(--b) - 2*var(--_p));
  transition: .3s linear, color 0s, background-color 0s;
  outline: var(--b) solid #0000;
  outline-offset: .6em;
  font-size: 16px;

  border: 0;

  user-select: none;
  -webkit-user-select: none;
  touch-action: manipulation;
}

.button-89:hover,
.button-89:focus-visible{
  --_p: 0px;
  outline-color: var(--color);
  outline-offset: .05em;
}

.button-89:active {
  background: var(--color);
  color: #fff;
}",
"<!-- HTML !-->
<button class=""button-92"" role=""button"">Button 92</button>

/* CSS */
.button-92 {
  --c: #fff;
  /* text color */
  background: linear-gradient(90deg, #0000 33%, #fff5, #0000 67%) var(--_p,100%)/300% no-repeat,
    #004dff;
  /* background color */
  color: #0000;
  border: none;
  transform: perspective(500px) rotateY(calc(20deg*var(--_i,-1)));
  text-shadow: calc(var(--_i,-1)* 0.08em) -.01em 0   var(--c),
    calc(var(--_i,-1)*-0.08em)  .01em 2px #0004;
  outline-offset: .1em;
  transition: 0.3s;
}

.button-92:hover,
.button-92:focus-visible {
  --_p: 0%;
  --_i: 1;
}

.button-92:active {
  text-shadow: none;
  color: var(--c);
  box-shadow: inset 0 0 9e9q #0005;
  transition: 0s;
}

.button-92 {
  font-weight: bold;
  font-size: 2rem;
  margin: 0;
  cursor: pointer;
  padding: .1em .3em;
}","<!-- HTML !-->
<button class=""button-92"" role=""button"">Button 92</button>

/* CSS */
.button-92 {
  --c: #fff;
  /* text color */
  background: linear-gradient(90deg, #0000 33%, #fff5, #0000 67%) var(--_p,100%)/300% no-repeat,
    #004dff;
  /* background color */
  color: #0000;
  border: none;
  transform: perspective(500px) rotateY(calc(20deg*var(--_i,-1)));
  text-shadow: calc(var(--_i,-1)* 0.08em) -.01em 0   var(--c),
    calc(var(--_i,-1)*-0.08em)  .01em 2px #0004;
  outline-offset: .1em;
  transition: 0.3s;
}

.button-92:hover,
.button-92:focus-visible {
  --_p: 0%;
  --_i: 1;
}

.button-92:active {
  text-shadow: none;
  color: var(--c);
  box-shadow: inset 0 0 9e9q #0005;
  transition: 0s;
}

.button-92 {
  font-weight: bold;
  font-size: 2rem;
  margin: 0;
  cursor: pointer;
  padding: .1em .3em;
}",
"<!-- HTML !-->
<button class=""button-72"" role=""button"">Button 72</button>

/* CSS */
.button-72 {
  align-items: center;
  background-color: initial;
  background-image: linear-gradient(rgba(179, 132, 201, .84), rgba(57, 31, 91, .84) 50%);
  border-radius: 42px;
  border-width: 0;
  box-shadow: rgba(57, 31, 91, 0.24) 0 2px 2px,rgba(179, 132, 201, 0.4) 0 8px 12px;
  color: #FFFFFF;
  cursor: pointer;
  display: flex;
  font-family: Quicksand,sans-serif;
  font-size: 18px;
  font-weight: 700;
  justify-content: center;
  letter-spacing: .04em;
  line-height: 16px;
  margin: 0;
  padding: 18px 18px;
  text-align: center;
  text-decoration: none;
  text-shadow: rgba(255, 255, 255, 0.4) 0 0 4px,rgba(255, 255, 255, 0.2) 0 0 12px,rgba(57, 31, 91, 0.6) 1px 1px 4px,rgba(57, 31, 91, 0.32) 4px 4px 16px;
  user-select: none;
  -webkit-user-select: none;
  touch-action: manipulation;
  vertical-align: baseline;
}

.button-72:hover {
  background-image: linear-gradient(#B384C9, #391F5B 50%);
}

@media (min-width: 768px) {
  .button-72 {
    font-size: 21px;
    padding: 18px 34px;
  }
}","<!-- HTML !-->
<button class=""button-72"" role=""button"">Button 72</button>

/* CSS */
.button-72 {
  align-items: center;
  background-color: initial;
  background-image: linear-gradient(rgba(179, 132, 201, .84), rgba(57, 31, 91, .84) 50%);
  border-radius: 42px;
  border-width: 0;
  box-shadow: rgba(57, 31, 91, 0.24) 0 2px 2px,rgba(179, 132, 201, 0.4) 0 8px 12px;
  color: #FFFFFF;
  cursor: pointer;
  display: flex;
  font-family: Quicksand,sans-serif;
  font-size: 18px;
  font-weight: 700;
  justify-content: center;
  letter-spacing: .04em;
  line-height: 16px;
  margin: 0;
  padding: 18px 18px;
  text-align: center;
  text-decoration: none;
  text-shadow: rgba(255, 255, 255, 0.4) 0 0 4px,rgba(255, 255, 255, 0.2) 0 0 12px,rgba(57, 31, 91, 0.6) 1px 1px 4px,rgba(57, 31, 91, 0.32) 4px 4px 16px;
  user-select: none;
  -webkit-user-select: none;
  touch-action: manipulation;
  vertical-align: baseline;
}

.button-72:hover {
  background-image: linear-gradient(#B384C9, #391F5B 50%);
}

@media (min-width: 768px) {
  .button-72 {
    font-size: 21px;
    padding: 18px 34px;
  }
}",
